<?xml version="1.0" encoding="UTF-8"?>
<beans xmlns:xsi="http://www.w3.org/2001/XMLSchema-instance"
	xmlns="http://www.springframework.org/schema/beans" xmlns:context="http://www.springframework.org/schema/context"
	xmlns:util="http://www.springframework.org/schema/util"
	xsi:schemaLocation="
      http://www.springframework.org/schema/beans 
      http://www.springframework.org/schema/beans/spring-beans.xsd 
      http://www.springframework.org/schema/context
	http://www.springframework.org/schema/context/spring-context.xsd
	http://www.springframework.org/schema/util
http://www.springframework.org/schema/util/spring-util.xsd">

	<!-- beans here -->
	<bean id="formationDao" class="fr.zaroumia.formation.spring.dao.FormationDaoImpl"></bean>


	<bean id="formateurService"
		class="fr.zaroumia.formation.spring.service.FormateurServiceImpl">
		<property name="formationDao" ref="formationDao"></property>
	</bean>

	<bean id="formationService"
		class="fr.zaroumia.formation.spring.service.FormationServiceImpl">
		<property name="etablissement" value="zaroumia"></property>
		<property name="formationDao" ref="formationDao"></property>
	</bean>

	<!-- apres l'heritage -->
	<!-- <bean id="abstractService" abstract="true"> -->
	<!-- <property name="formationDao" ref="formationDao"></property> -->
	<!-- </bean> -->

	<!-- <bean id="formateurService" -->
	<!-- class="fr.zaroumia.formation.spring.service.FormateurServiceImpl" -->
	<!-- parent="abstractService"></bean> -->

	<!-- <bean id="formationService" -->
	<!-- class="fr.zaroumia.formation.spring.service.FormationServiceImpl" -->
	<!-- parent="abstractService"> -->
	<!-- <property name="etablissement" value="zaroumia"></property> -->
	<!-- </bean> -->



</beans>