<?xml version="1.0" encoding="UTF-8"?>
<beans xmlns:xsi="http://www.w3.org/2001/XMLSchema-instance"
	xmlns="http://www.springframework.org/schema/beans" xmlns:context="http://www.springframework.org/schema/context"
	xmlns:aop="http://www.springframework.org/schema/aop"
	xsi:schemaLocation="
      http://www.springframework.org/schema/beans 
      http://www.springframework.org/schema/beans/spring-beans.xsd 
      http://www.springframework.org/schema/context
	http://www.springframework.org/schema/context/spring-context.xsd
	http://www.springframework.org/schema/aop
http://www.springframework.org/schema/aop/spring-aop.xsd">

	<!-- beans here -->
	<bean id="userService" class="fr.zaroumia.formation.spring._036.UserService"></bean>
	<bean id="aspect" class="fr.zaroumia.formation.spring._036.MonLoggerAspect"></bean>
	
	
	<aop:config>
		<aop:pointcut expression="execution( public * fr.zaroumia.formation.spring._036.UserService.*(..) )" id="serviceExecution"/>
		
		<aop:aspect ref="aspect">
			<aop:before method="logDebutMethode" pointcut-ref="serviceExecution"/>
		</aop:aspect>
		
	</aop:config>

</beans>