<?xml version="1.0" encoding="UTF-8"?>
<beans xmlns:xsi="http://www.w3.org/2001/XMLSchema-instance"
	xmlns="http://www.springframework.org/schema/beans" xmlns:context="http://www.springframework.org/schema/context"
	xmlns:util="http://www.springframework.org/schema/util"
	xsi:schemaLocation="
      http://www.springframework.org/schema/beans 
      http://www.springframework.org/schema/beans/spring-beans.xsd 
      http://www.springframework.org/schema/context
	http://www.springframework.org/schema/context/spring-context.xsd
	http://www.springframework.org/schema/util
http://www.springframework.org/schema/util/spring-util.xsd">

	<!-- beans here -->

	<bean id="formationService"
		class="fr.zaroumia.formation.spring.service.FormationServiceImpl">
		<property name="etablissement" value="zaroumia"></property>
		<property name="formationDao">
			 <bean  class="fr.zaroumia.formation.spring.dao.FormationDaoImpl"></bean>
		</property>
	</bean>
	
	
<!-- 	<bean id="formationService2" -->
<!-- 		class="fr.zaroumia.formation.spring.service.FormationServiceImpl"> -->
<!-- 		<property name="etablissement" value="zaroumia2"></property> -->
<!-- 		<property name="formationDao" ref="formationDao"> -->
<!-- 		</property> -->
<!-- 	</bean> -->
	
</beans>