<?xml version="1.0" encoding="UTF-8"?>
<beans xmlns:xsi="http://www.w3.org/2001/XMLSchema-instance"
	xmlns="http://www.springframework.org/schema/beans"
	xmlns:p="http://www.springframework.org/schema/p"
	xsi:schemaLocation="
      http://www.springframework.org/schema/beans 
      http://www.springframework.org/schema/beans/spring-beans.xsd">

	<!-- beans here -->
	<bean id="formationDao"  class="fr.zaroumia.formation.spring.dao.FormationDaoImpl"></bean>
	
	<alias name="formationDao" alias="formationDao2"/>
	<alias name="formationDao" alias="formationDao3"/>
	<alias name="formationDao" alias="formationDao4"/>
	<alias name="formationDao" alias="formationDao5"/>
<!-- 	<bean name="formationDao2" class="fr.zaroumia.formation.spring.dao.FormationDaoImpl"></bean> -->
<!-- 	<bean  class="fr.zaroumia.formation.spring.dao.FormationDaoImpl"></bean> -->
<!-- 	<bean  class="fr.zaroumia.formation.spring.dao.FormationDaoImpl"></bean> -->

	<bean id="formationService"
		class="fr.zaroumia.formation.spring.service.FormationServiceImpl" p:formationDao-ref="formationDao" p:etablissement="zaroumia">
	</bean>
</beans>