<?xml version="1.0" encoding="UTF-8"?>
<beans xmlns:xsi="http://www.w3.org/2001/XMLSchema-instance"
	xmlns="http://www.springframework.org/schema/beans"
	xmlns:c="http://www.springframework.org/schema/c"
	xsi:schemaLocation="
      http://www.springframework.org/schema/beans 
      http://www.springframework.org/schema/beans/spring-beans.xsd">

	<!-- DAO bean ici -->
	<bean id="formationDao" class="fr.zaroumia.formation.spring.dao.FormationDaoImpl"></bean>

	<!-- Service bean ici -->
	<bean id="formationService" class="fr.zaroumia.formation.spring.service.FormationServiceImpl">
		<constructor-arg ref="formationDao" ></constructor-arg>
		<constructor-arg value="ZAROUMIA"></constructor-arg>
	</bean>

</beans>